Anasayfa,Home,
Kurumsal,Corporate,
Ürünler,Products,
Kataloglar,Catalogs,
İletişim,Contact Us,
Haber Bülteni,Newsletter,
E-posta adresiniz...,Your e-mail address...,
E-Katalog,E-Catalog,
Telefon,Phone,
E-posta,E-mail,
İletişim Formu,Contact Form,
E-posta Adresiniz,E-mail Address,
Gönder,Send,
Adres,Address,
Hesabım,My Account,
Ürün Kodu,Product Code,
Kategori,Category,
Dolap - Renk Kartelası,Wardrobe - Color Chart,
Askı - Renk Kartelası,Hanger - Color Chart,
Sorunuz mu var?,Have a question?,
Ücretsiz danışmanlık alın!,Get a free consultation!,
Bizimle telefon yoluyla iletişime geçebilirsiniz,You can contact us by phone,
yada e-posta,or e-mail,
Teklif İsteyin,Request a Quote,
ÜRÜNLER,PRODUCTS,
HIZLI MENÜ,QUICK MENU,
KURUMSAL,CORPORATE,
PDF Katalog İndir,Download PDF Catalog,
Ürün Bilgileri,Product Information,
Devamı,More,
Adınız Soyadınız,Your Name,